<?xml version='1.0' encoding='UTF-8'?>
<?xml-stylesheet type="text/xsl" href="ipv4-address-space.xsl"?>
<?oxygen RNGSchema="ipv4-address-space.rng" type="xml"?>
<registry xmlns="http://www.iana.org/assignments" id="ipv4-address-space">
  <title>IANA IPv4 Address Space Registry</title>
  <category>Internet Protocol version 4 (IPv4) Address Space</category>
  <updated>2014-10-14</updated>
  <xref type="rfc" data="rfc7249"/>
  <registration_rule>Allocations to RIRs are made in line with the Global Policy published at <xref type="uri" data="http://www.icann.org/en/resources/policy/global-addressing"/>. 
All other assignments require IETF Review.</registration_rule>
  <description>The allocation of Internet Protocol version 4 (IPv4) address space to various registries is listed
here. Originally, all the IPv4 address spaces was managed directly by the IANA. Later parts of the
address space were allocated to various other registries to manage for particular purposes or
regional areas of the world. RFC 1466 <xref type="rfc" data="rfc1466"/> documents most of these allocations.</description>
  <record>
    <prefix>000/8</prefix>
    <designation>IANA - Local Identification</designation>
    <date>1981-09</date>
    <status>RESERVED</status>
    <xref type="note" data="2"/>
  </record>
  <record>
    <prefix>001/8</prefix>
    <designation>APNIC</designation>
    <date>2010-01</date>
    <whois>whois.apnic.net</whois>
    <status>ALLOCATED</status>
  </record>
  <record>
    <prefix>002/8</prefix>
    <designation>RIPE NCC</designation>
    <date>2009-09</date>
    <whois>whois.ripe.net</whois>
    <status>ALLOCATED</status>
  </record>
  <record>
    <prefix>003/8</prefix>
    <designation>General Electric Company</designation>
    <date>1994-05</date>
    <whois>whois.arin.net</whois>
    <status>LEGACY</status>
  </record>
  <record>
    <prefix>004/8</prefix>
    <designation>Level 3 Communications, Inc.</designation>
    <date>1992-12</date>
    <whois>whois.arin.net</whois>
    <status>LEGACY</status>
  </record>
  <record>
    <prefix>005/8</prefix>
    <designation>RIPE NCC</designation>
    <date>2010-11</date>
    <whois>whois.ripe.net</whois>
    <status>ALLOCATED</status>
  </record>
  <record>
    <prefix>006/8</prefix>
    <designation>Army Information Systems Center</designation>
    <date>1994-02</date>
    <whois>whois.arin.net</whois>
    <status>LEGACY</status>
  </record>
  <record>
    <prefix>007/8</prefix>
    <designation>Administered by ARIN</designation>
    <date>1995-04</date>
    <whois>whois.arin.net</whois>
    <status>LEGACY</status>
  </record>
  <record>
    <prefix>008/8</prefix>
    <designation>Level 3 Communications, Inc.</designation>
    <date>1992-12</date>
    <whois>whois.arin.net</whois>
    <status>LEGACY</status>
  </record>
  <record>
    <prefix>009/8</prefix>
    <designation>IBM</designation>
    <date>1992-08</date>
    <whois>whois.arin.net</whois>
    <status>LEGACY</status>
  </record>
  <record>
    <prefix>010/8</prefix>
    <designation>IANA - Private Use</designation>
    <date>1995-06</date>
    <status>RESERVED</status>
    <xref type="note" data="3"/>
  </record>
  <record>
    <prefix>011/8</prefix>
    <designation>DoD Intel Information Systems</designation>
    <date>1993-05</date>
    <whois>whois.arin.net</whois>
    <status>LEGACY</status>
  </record>
  <record>
    <prefix>012/8</prefix>
    <designation>AT&amp;T Bell Laboratories</designation>
    <date>1995-06</date>
    <whois>whois.arin.net</whois>
    <status>LEGACY</status>
  </record>
  <record>
    <prefix>013/8</prefix>
    <designation>Xerox Corporation</designation>
    <date>1991-09</date>
    <whois>whois.arin.net</whois>
    <status>LEGACY</status>
  </record>
  <record>
    <prefix>014/8</prefix>
    <designation>APNIC</designation>
    <date>2010-04</date>
    <whois>whois.apnic.net</whois>
    <status>ALLOCATED</status>
    <xref type="note" data="4"/>
  </record>
  <record>
    <prefix>015/8</prefix>
    <designation>Hewlett-Packard Company</designation>
    <date>1994-07</date>
    <whois>whois.arin.net</whois>
    <status>LEGACY</status>
  </record>
  <record>
    <prefix>016/8</prefix>
    <designation>Digital Equipment Corporation</designation>
    <date>1994-11</date>
    <whois>whois.arin.net</whois>
    <status>LEGACY</status>
  </record>
  <record>
    <prefix>017/8</prefix>
    <designation>Apple Computer Inc.</designation>
    <date>1992-07</date>
    <whois>whois.arin.net</whois>
    <status>LEGACY</status>
  </record>
  <record>
    <prefix>018/8</prefix>
    <designation>MIT</designation>
    <date>1994-01</date>
    <whois>whois.arin.net</whois>
    <status>LEGACY</status>
  </record>
  <record>
    <prefix>019/8</prefix>
    <designation>Ford Motor Company</designation>
    <date>1995-05</date>
    <whois>whois.arin.net</whois>
    <status>LEGACY</status>
  </record>
  <record>
    <prefix>020/8</prefix>
    <designation>Computer Sciences Corporation</designation>
    <date>1994-10</date>
    <whois>whois.arin.net</whois>
    <status>LEGACY</status>
  </record>
  <record>
    <prefix>021/8</prefix>
    <designation>DDN-RVN</designation>
    <date>1991-07</date>
    <whois>whois.arin.net</whois>
    <status>LEGACY</status>
  </record>
  <record>
    <prefix>022/8</prefix>
    <designation>Defense Information Systems Agency</designation>
    <date>1993-05</date>
    <whois>whois.arin.net</whois>
    <status>LEGACY</status>
  </record>
  <record>
    <prefix>023/8</prefix>
    <designation>ARIN</designation>
    <date>2010-11</date>
    <whois>whois.arin.net</whois>
    <status>ALLOCATED</status>
  </record>
  <record>
    <prefix>024/8</prefix>
    <designation>ARIN</designation>
    <date>2001-05</date>
    <whois>whois.arin.net</whois>
    <status>ALLOCATED</status>
  </record>
  <record>
    <prefix>025/8</prefix>
    <designation>UK Ministry of Defence</designation>
    <date>1995-01</date>
    <whois>whois.ripe.net</whois>
    <status>LEGACY</status>
  </record>
  <record>
    <prefix>026/8</prefix>
    <designation>Defense Information Systems Agency</designation>
    <date>1995-05</date>
    <whois>whois.arin.net</whois>
    <status>LEGACY</status>
  </record>
  <record>
    <prefix>027/8</prefix>
    <designation>APNIC</designation>
    <date>2010-01</date>
    <whois>whois.apnic.net</whois>
    <status>ALLOCATED</status>
  </record>
  <record>
    <prefix>028/8</prefix>
    <designation>DSI-North</designation>
    <date>1992-07</date>
    <whois>whois.arin.net</whois>
    <status>LEGACY</status>
  </record>
  <record>
    <prefix>029/8</prefix>
    <designation>Defense Information Systems Agency</designation>
    <date>1991-07</date>
    <whois>whois.arin.net</whois>
    <status>LEGACY</status>
  </record>
  <record>
    <prefix>030/8</prefix>
    <designation>Defense Information Systems Agency</designation>
    <date>1991-07</date>
    <whois>whois.arin.net</whois>
    <status>LEGACY</status>
  </record>
  <record>
    <prefix>031/8</prefix>
    <designation>RIPE NCC</designation>
    <date>2010-05</date>
    <whois>whois.ripe.net</whois>
    <status>ALLOCATED</status>
  </record>
  <record>
    <prefix>032/8</prefix>
    <designation>AT&amp;T Global Network Services</designation>
    <date>1994-06</date>
    <whois>whois.arin.net</whois>
    <status>LEGACY</status>
  </record>
  <record>
    <prefix>033/8</prefix>
    <designation>DLA Systems Automation Center</designation>
    <date>1991-01</date>
    <whois>whois.arin.net</whois>
    <status>LEGACY</status>
  </record>
  <record>
    <prefix>034/8</prefix>
    <designation>Halliburton Company</designation>
    <date>1993-03</date>
    <whois>whois.arin.net</whois>
    <status>LEGACY</status>
  </record>
  <record>
    <prefix>035/8</prefix>
    <designation>Administered by ARIN</designation>
    <date>1994-04</date>
    <whois>whois.arin.net</whois>
    <status>LEGACY</status>
  </record>
  <record>
    <prefix>036/8</prefix>
    <designation>APNIC</designation>
    <date>2010-10</date>
    <whois>whois.apnic.net</whois>
    <status>ALLOCATED</status>
  </record>
  <record>
    <prefix>037/8</prefix>
    <designation>RIPE NCC</designation>
    <date>2010-11</date>
    <whois>whois.ripe.net</whois>
    <status>ALLOCATED</status>
  </record>
  <record>
    <prefix>038/8</prefix>
    <designation>PSINet, Inc.</designation>
    <date>1994-09</date>
    <whois>whois.arin.net</whois>
    <status>LEGACY</status>
  </record>
  <record>
    <prefix>039/8</prefix>
    <designation>APNIC</designation>
    <date>2011-01</date>
    <whois>whois.apnic.net</whois>
    <status>ALLOCATED</status>
  </record>
  <record>
    <prefix>040/8</prefix>
    <designation>Administered by ARIN</designation>
    <date>1994-06</date>
    <whois>whois.arin.net</whois>
    <status>LEGACY</status>
  </record>
  <record>
    <prefix>041/8</prefix>
    <designation>AFRINIC</designation>
    <date>2005-04</date>
    <whois>whois.afrinic.net</whois>
    <status>ALLOCATED</status>
  </record>
  <record>
    <prefix>042/8</prefix>
    <designation>APNIC</designation>
    <date>2010-10</date>
    <whois>whois.apnic.net</whois>
    <status>ALLOCATED</status>
  </record>
  <record>
    <prefix>043/8</prefix>
    <designation>Administered by APNIC</designation>
    <date>1991-01</date>
    <whois>whois.apnic.net</whois>
    <status>LEGACY</status>
  </record>
  <record>
    <prefix>044/8</prefix>
    <designation>Amateur Radio Digital Communications</designation>
    <date>1992-07</date>
    <whois>whois.arin.net</whois>
    <status>LEGACY</status>
  </record>
  <record>
    <prefix>045/8</prefix>
    <designation>Administered by ARIN</designation>
    <date>1995-01</date>
    <whois>whois.arin.net</whois>
    <status>LEGACY</status>
  </record>
  <record>
    <prefix>046/8</prefix>
    <designation>RIPE NCC</designation>
    <date>2009-09</date>
    <whois>whois.ripe.net</whois>
    <status>ALLOCATED</status>
  </record>
  <record>
    <prefix>047/8</prefix>
    <designation>Administered by ARIN</designation>
    <date>1991-01</date>
    <whois>whois.arin.net</whois>
    <status>LEGACY</status>
  </record>
  <record>
    <prefix>048/8</prefix>
    <designation>Prudential Securities Inc.</designation>
    <date>1995-05</date>
    <whois>whois.arin.net</whois>
    <status>LEGACY</status>
  </record>
  <record>
    <prefix>049/8</prefix>
    <designation>APNIC</designation>
    <date>2010-08</date>
    <whois>whois.apnic.net</whois>
    <status>ALLOCATED</status>
  </record>
  <record>
    <prefix>050/8</prefix>
    <designation>ARIN</designation>
    <date>2010-02</date>
    <whois>whois.arin.net</whois>
    <status>ALLOCATED</status>
    </record>
  <record>
    <prefix>051/8</prefix>
    <designation>UK Government Department for Work and Pensions</designation>
    <date>1994-08</date>
    <whois>whois.ripe.net</whois>
    <status>LEGACY</status>
  </record>
  <record>
    <prefix>052/8</prefix>
    <designation>E.I. duPont de Nemours and Co., Inc.</designation>
    <date>1991-12</date>
    <whois>whois.arin.net</whois>
    <status>LEGACY</status>
  </record>
  <record updated="2014-10-14">
    <prefix>053/8</prefix>
    <designation>Daimler AG</designation>
    <date>1993-10</date>
    <whois>whois.ripe.net</whois>
    <status>LEGACY</status>
  </record>
  <record>
    <prefix>054/8</prefix>
    <designation>Administered by ARIN</designation>
    <date>1992-03</date>
    <whois>whois.arin.net</whois>
    <status>LEGACY</status>
  </record>
  <record>
    <prefix>055/8</prefix>
    <designation>DoD Network Information Center</designation>
    <date>1995-04</date>
    <whois>whois.arin.net</whois>
    <status>LEGACY</status>
  </record>
  <record>
    <prefix>056/8</prefix>
    <designation>US Postal Service</designation>
    <date>1994-06</date>
    <whois>whois.arin.net</whois>
    <status>LEGACY</status>
  </record>
  <record updated="2014-10-14">
    <prefix>057/8</prefix>
    <designation>Societe Internationale de Telecommunications Aeronautiques S.C.R.L.</designation>
    <date>1995-05</date>
    <whois>whois.ripe.net</whois>
    <status>LEGACY</status>
  </record>
  <record>
    <prefix>058/8</prefix>
    <designation>APNIC</designation>
    <date>2004-04</date>
    <whois>whois.apnic.net</whois>
    <status>ALLOCATED</status>
  </record>
  <record>
    <prefix>059/8</prefix>
    <designation>APNIC</designation>
    <date>2004-04</date>
    <whois>whois.apnic.net</whois>
    <status>ALLOCATED</status>
  </record>
  <record>
    <prefix>060/8</prefix>
    <designation>APNIC</designation>
    <date>2003-04</date>
    <whois>whois.apnic.net</whois>
    <status>ALLOCATED</status>
  </record>
  <record>
    <prefix>061/8</prefix>
    <designation>APNIC</designation>
    <date>1997-04</date>
    <whois>whois.apnic.net</whois>
    <status>ALLOCATED</status>
  </record>
  <record>
    <prefix>062/8</prefix>
    <designation>RIPE NCC</designation>
    <date>1997-04</date>
    <whois>whois.ripe.net</whois>
    <status>ALLOCATED</status>
  </record>
  <record>
    <prefix>063/8</prefix>
    <designation>ARIN</designation>
    <date>1997-04</date>
    <whois>whois.arin.net</whois>
    <status>ALLOCATED</status>
  </record>
  <record>
    <prefix>064/8</prefix>
    <designation>ARIN</designation>
    <date>1999-07</date>
    <whois>whois.arin.net</whois>
    <status>ALLOCATED</status>
  </record>
  <record>
    <prefix>065/8</prefix>
    <designation>ARIN</designation>
    <date>2000-07</date>
    <whois>whois.arin.net</whois>
    <status>ALLOCATED</status>
  </record>
  <record>
    <prefix>066/8</prefix>
    <designation>ARIN</designation>
    <date>2000-07</date>
    <whois>whois.arin.net</whois>
    <status>ALLOCATED</status>
  </record>
  <record>
    <prefix>067/8</prefix>
    <designation>ARIN</designation>
    <date>2001-05</date>
    <whois>whois.arin.net</whois>
    <status>ALLOCATED</status>
  </record>
  <record>
    <prefix>068/8</prefix>
    <designation>ARIN</designation>
    <date>2001-06</date>
    <whois>whois.arin.net</whois>
    <status>ALLOCATED</status>
  </record>
  <record>
    <prefix>069/8</prefix>
    <designation>ARIN</designation>
    <date>2002-08</date>
    <whois>whois.arin.net</whois>
    <status>ALLOCATED</status>
  </record>
  <record>
    <prefix>070/8</prefix>
    <designation>ARIN</designation>
    <date>2004-01</date>
    <whois>whois.arin.net</whois>
    <status>ALLOCATED</status>
  </record>
  <record>
    <prefix>071/8</prefix>
    <designation>ARIN</designation>
    <date>2004-08</date>
    <whois>whois.arin.net</whois>
    <status>ALLOCATED</status>
  </record>
  <record>
    <prefix>072/8</prefix>
    <designation>ARIN</designation>
    <date>2004-08</date>
    <whois>whois.arin.net</whois>
    <status>ALLOCATED</status>
  </record>
  <record>
    <prefix>073/8</prefix>
    <designation>ARIN</designation>
    <date>2005-03</date>
    <whois>whois.arin.net</whois>
    <status>ALLOCATED</status>
  </record>
  <record>
    <prefix>074/8</prefix>
    <designation>ARIN</designation>
    <date>2005-06</date>
    <whois>whois.arin.net</whois>
    <status>ALLOCATED</status>
  </record>
  <record>
    <prefix>075/8</prefix>
    <designation>ARIN</designation>
    <date>2005-06</date>
    <whois>whois.arin.net</whois>
    <status>ALLOCATED</status>
  </record>
  <record>
    <prefix>076/8</prefix>
    <designation>ARIN</designation>
    <date>2005-06</date>
    <whois>whois.arin.net</whois>
    <status>ALLOCATED</status>
  </record>
  <record>
    <prefix>077/8</prefix>
    <designation>RIPE NCC</designation>
    <date>2006-08</date>
    <whois>whois.ripe.net</whois>
    <status>ALLOCATED</status>
  </record>
  <record>
    <prefix>078/8</prefix>
    <designation>RIPE NCC</designation>
    <date>2006-08</date>
    <whois>whois.ripe.net</whois>
    <status>ALLOCATED</status>
  </record>
  <record>
    <prefix>079/8</prefix>
    <designation>RIPE NCC</designation>
    <date>2006-08</date>
    <whois>whois.ripe.net</whois>
    <status>ALLOCATED</status>
  </record>
  <record>
    <prefix>080/8</prefix>
    <designation>RIPE NCC</designation>
    <date>2001-04</date>
    <whois>whois.ripe.net</whois>
    <status>ALLOCATED</status>
  </record>
  <record>
    <prefix>081/8</prefix>
    <designation>RIPE NCC</designation>
    <date>2001-04</date>
    <whois>whois.ripe.net</whois>
    <status>ALLOCATED</status>
  </record>
  <record>
    <prefix>082/8</prefix>
    <designation>RIPE NCC</designation>
    <date>2002-11</date>
    <whois>whois.ripe.net</whois>
    <status>ALLOCATED</status>
  </record>
  <record>
    <prefix>083/8</prefix>
    <designation>RIPE NCC</designation>
    <date>2003-11</date>
    <whois>whois.ripe.net</whois>
    <status>ALLOCATED</status>
  </record>
  <record>
    <prefix>084/8</prefix>
    <designation>RIPE NCC</designation>
    <date>2003-11</date>
    <whois>whois.ripe.net</whois>
    <status>ALLOCATED</status>
  </record>
  <record>
    <prefix>085/8</prefix>
    <designation>RIPE NCC</designation>
    <date>2004-04</date>
    <whois>whois.ripe.net</whois>
    <status>ALLOCATED</status>
  </record>
  <record>
    <prefix>086/8</prefix>
    <designation>RIPE NCC</designation>
    <date>2004-04</date>
    <whois>whois.ripe.net</whois>
    <status>ALLOCATED</status>
  </record>
  <record>
    <prefix>087/8</prefix>
    <designation>RIPE NCC</designation>
    <date>2004-04</date>
    <whois>whois.ripe.net</whois>
    <status>ALLOCATED</status>
  </record>
  <record>
    <prefix>088/8</prefix>
    <designation>RIPE NCC</designation>
    <date>2004-04</date>
    <whois>whois.ripe.net</whois>
    <status>ALLOCATED</status>
  </record>
  <record>
    <prefix>089/8</prefix>
    <designation>RIPE NCC</designation>
    <date>2005-06</date>
    <whois>whois.ripe.net</whois>
    <status>ALLOCATED</status>
  </record>
  <record>
    <prefix>090/8</prefix>
    <designation>RIPE NCC</designation>
    <date>2005-06</date>
    <whois>whois.ripe.net</whois>
    <status>ALLOCATED</status>
  </record>
  <record>
    <prefix>091/8</prefix>
    <designation>RIPE NCC</designation>
    <date>2005-06</date>
    <whois>whois.ripe.net</whois>
    <status>ALLOCATED</status>
  </record>
  <record>
    <prefix>092/8</prefix>
    <designation>RIPE NCC</designation>
    <date>2007-03</date>
    <whois>whois.ripe.net</whois>
    <status>ALLOCATED</status>
  </record>
  <record>
    <prefix>093/8</prefix>
    <designation>RIPE NCC</designation>
    <date>2007-03</date>
    <whois>whois.ripe.net</whois>
    <status>ALLOCATED</status>
  </record>
  <record>
    <prefix>094/8</prefix>
    <designation>RIPE NCC</designation>
    <date>2007-07</date>
    <whois>whois.ripe.net</whois>
    <status>ALLOCATED</status>
  </record>
  <record>
    <prefix>095/8</prefix>
    <designation>RIPE NCC</designation>
    <date>2007-07</date>
    <whois>whois.ripe.net</whois>
    <status>ALLOCATED</status>
  </record>
  <record>
    <prefix>096/8</prefix>
    <designation>ARIN</designation>
    <date>2006-10</date>
    <whois>whois.arin.net</whois>
    <status>ALLOCATED</status>
  </record>
  <record>
    <prefix>097/8</prefix>
    <designation>ARIN</designation>
    <date>2006-10</date>
    <whois>whois.arin.net</whois>
    <status>ALLOCATED</status>
  </record>
  <record>
    <prefix>098/8</prefix>
    <designation>ARIN</designation>
    <date>2006-10</date>
    <whois>whois.arin.net</whois>
    <status>ALLOCATED</status>
  </record>
  <record>
    <prefix>099/8</prefix>
    <designation>ARIN</designation>
    <date>2006-10</date>
    <whois>whois.arin.net</whois>
    <status>ALLOCATED</status>
  </record>
  <record>
    <prefix>100/8</prefix>
    <designation>ARIN</designation>
    <date>2010-11</date>
    <whois>whois.arin.net</whois>
    <status>ALLOCATED</status>
    <xref type="note" data="5"/>
  </record>
  <record>
    <prefix>101/8</prefix>
    <designation>APNIC</designation>
    <date>2010-08</date>
    <whois>whois.apnic.net</whois>
    <status>ALLOCATED</status>
  </record>
  <record>
    <prefix>102/8</prefix>
    <designation>AFRINIC</designation>
    <date>2011-02</date>
    <whois>whois.afrinic.net</whois>
    <status>ALLOCATED</status>
  </record>
  <record>
    <prefix>103/8</prefix>
    <designation>APNIC</designation>
    <date>2011-02</date>
    <whois>whois.apnic.net</whois>
    <status>ALLOCATED</status>
  </record>
  <record>
    <prefix>104/8</prefix>
    <designation>ARIN</designation>
    <date>2011-02</date>
    <whois>whois.arin.net</whois>
    <status>ALLOCATED</status>
  </record>
  <record>
    <prefix>105/8</prefix>
    <designation>AFRINIC</designation>
    <date>2010-11</date>
    <whois>whois.afrinic.net</whois>
    <status>ALLOCATED</status>
  </record>
  <record>
    <prefix>106/8</prefix>
    <designation>APNIC</designation>
    <date>2011-01</date>
    <whois>whois.apnic.net</whois>
    <status>ALLOCATED</status>
  </record>
  <record>
    <prefix>107/8</prefix>
    <designation>ARIN</designation>
    <date>2010-02</date>
    <whois>whois.arin.net</whois>
    <status>ALLOCATED</status>
  </record>
  <record>
    <prefix>108/8</prefix>
    <designation>ARIN</designation>
    <date>2008-12</date>
    <whois>whois.arin.net</whois>
    <status>ALLOCATED</status>
  </record>
  <record>
    <prefix>109/8</prefix>
    <designation>RIPE NCC</designation>
    <date>2009-01</date>
    <whois>whois.ripe.net</whois>
    <status>ALLOCATED</status>
  </record>
  <record>
    <prefix>110/8</prefix>
    <designation>APNIC</designation>
    <date>2008-11</date>
    <whois>whois.apnic.net</whois>
    <status>ALLOCATED</status>
  </record>
  <record>
    <prefix>111/8</prefix>
    <designation>APNIC</designation>
    <date>2008-11</date>
    <whois>whois.apnic.net</whois>
    <status>ALLOCATED</status>
  </record>
  <record>
    <prefix>112/8</prefix>
    <designation>APNIC</designation>
    <date>2008-05</date>
    <whois>whois.apnic.net</whois>
    <status>ALLOCATED</status>
  </record>
  <record>
    <prefix>113/8</prefix>
    <designation>APNIC</designation>
    <date>2008-05</date>
    <whois>whois.apnic.net</whois>
    <status>ALLOCATED</status>
  </record>
  <record>
    <prefix>114/8</prefix>
    <designation>APNIC</designation>
    <date>2007-10</date>
    <whois>whois.apnic.net</whois>
    <status>ALLOCATED</status>
  </record>
  <record>
    <prefix>115/8</prefix>
    <designation>APNIC</designation>
    <date>2007-10</date>
    <whois>whois.apnic.net</whois>
    <status>ALLOCATED</status>
  </record>
  <record>
    <prefix>116/8</prefix>
    <designation>APNIC</designation>
    <date>2007-01</date>
    <whois>whois.apnic.net</whois>
    <status>ALLOCATED</status>
  </record>
  <record>
    <prefix>117/8</prefix>
    <designation>APNIC</designation>
    <date>2007-01</date>
    <whois>whois.apnic.net</whois>
    <status>ALLOCATED</status>
  </record>
  <record>
    <prefix>118/8</prefix>
    <designation>APNIC</designation>
    <date>2007-01</date>
    <whois>whois.apnic.net</whois>
    <status>ALLOCATED</status>
  </record>
  <record>
    <prefix>119/8</prefix>
    <designation>APNIC</designation>
    <date>2007-01</date>
    <whois>whois.apnic.net</whois>
    <status>ALLOCATED</status>
  </record>
  <record>
    <prefix>120/8</prefix>
    <designation>APNIC</designation>
    <date>2007-01</date>
    <whois>whois.apnic.net</whois>
    <status>ALLOCATED</status>
  </record>
  <record>
    <prefix>121/8</prefix>
    <designation>APNIC</designation>
    <date>2006-01</date>
    <whois>whois.apnic.net</whois>
    <status>ALLOCATED</status>
  </record>
  <record>
    <prefix>122/8</prefix>
    <designation>APNIC</designation>
    <date>2006-01</date>
    <whois>whois.apnic.net</whois>
    <status>ALLOCATED</status>
  </record>
  <record>
    <prefix>123/8</prefix>
    <designation>APNIC</designation>
    <date>2006-01</date>
    <whois>whois.apnic.net</whois>
    <status>ALLOCATED</status>
  </record>
  <record>
    <prefix>124/8</prefix>
    <designation>APNIC</designation>
    <date>2005-01</date>
    <whois>whois.apnic.net</whois>
    <status>ALLOCATED</status>
  </record>
  <record>
    <prefix>125/8</prefix>
    <designation>APNIC</designation>
    <date>2005-01</date>
    <whois>whois.apnic.net</whois>
    <status>ALLOCATED</status>
  </record>
  <record>
    <prefix>126/8</prefix>
    <designation>APNIC</designation>
    <date>2005-01</date>
    <whois>whois.apnic.net</whois>
    <status>ALLOCATED</status>
  </record>
  <record>
    <prefix>127/8</prefix>
    <designation>IANA - Loopback</designation>
    <date>1981-09</date>
    <status>RESERVED</status>
    <xref type="note" data="6"/>
  </record>
  <record>
    <prefix>128/8</prefix>
    <designation>Administered by ARIN</designation>
    <date>1993-05</date>
    <whois>whois.arin.net</whois>
    <status>LEGACY</status>
  </record>
  <record>
    <prefix>129/8</prefix>
    <designation>Administered by ARIN</designation>
    <date>1993-05</date>
    <whois>whois.arin.net</whois>
    <status>LEGACY</status>
  </record>
  <record>
    <prefix>130/8</prefix>
    <designation>Administered by ARIN</designation>
    <date>1993-05</date>
    <whois>whois.arin.net</whois>
    <status>LEGACY</status>
  </record>
  <record>
    <prefix>131/8</prefix>
    <designation>Administered by ARIN</designation>
    <date>1993-05</date>
    <whois>whois.arin.net</whois>
    <status>LEGACY</status>
  </record>
  <record>
    <prefix>132/8</prefix>
    <designation>Administered by ARIN</designation>
    <date>1993-05</date>
    <whois>whois.arin.net</whois>
    <status>LEGACY</status>
  </record>
  <record>
    <prefix>133/8</prefix>
    <designation>Administered by APNIC</designation>
    <date>1997-03</date>
    <whois>whois.apnic.net</whois>
    <status>LEGACY</status>
  </record>
  <record>
    <prefix>134/8</prefix>
    <designation>Administered by ARIN</designation>
    <date>1993-05</date>
    <whois>whois.arin.net</whois>
    <status>LEGACY</status>
  </record>
  <record>
    <prefix>135/8</prefix>
    <designation>Administered by ARIN</designation>
    <date>1993-05</date>
    <whois>whois.arin.net</whois>
    <status>LEGACY</status>
  </record>
  <record>
    <prefix>136/8</prefix>
    <designation>Administered by ARIN</designation>
    <date>1993-05</date>
    <whois>whois.arin.net</whois>
    <status>LEGACY</status>
  </record>
  <record>
    <prefix>137/8</prefix>
    <designation>Administered by ARIN</designation>
    <date>1993-05</date>
    <whois>whois.arin.net</whois>
    <status>LEGACY</status>
  </record>
  <record>
    <prefix>138/8</prefix>
    <designation>Administered by ARIN</designation>
    <date>1993-05</date>
    <whois>whois.arin.net</whois>
    <status>LEGACY</status>
  </record>
  <record>
    <prefix>139/8</prefix>
    <designation>Administered by ARIN</designation>
    <date>1993-05</date>
    <whois>whois.arin.net</whois>
    <status>LEGACY</status>
  </record>
  <record>
    <prefix>140/8</prefix>
    <designation>Administered by ARIN</designation>
    <date>1993-05</date>
    <whois>whois.arin.net</whois>
    <status>LEGACY</status>
  </record>
  <record>
    <prefix>141/8</prefix>
    <designation>Administered by RIPE NCC</designation>
    <date>1993-05</date>
    <whois>whois.ripe.net</whois>
    <status>LEGACY</status>
  </record>
  <record>
    <prefix>142/8</prefix>
    <designation>Administered by ARIN</designation>
    <date>1993-05</date>
    <whois>whois.arin.net</whois>
    <status>LEGACY</status>
  </record>
  <record>
    <prefix>143/8</prefix>
    <designation>Administered by ARIN</designation>
    <date>1993-05</date>
    <whois>whois.arin.net</whois>
    <status>LEGACY</status>
  </record>
  <record>
    <prefix>144/8</prefix>
    <designation>Administered by ARIN</designation>
    <date>1993-05</date>
    <whois>whois.arin.net</whois>
    <status>LEGACY</status>
  </record>
  <record>
    <prefix>145/8</prefix>
    <designation>Administered by RIPE NCC</designation>
    <date>1993-05</date>
    <whois>whois.ripe.net</whois>
    <status>LEGACY</status>
  </record>
  <record>
    <prefix>146/8</prefix>
    <designation>Administered by ARIN</designation>
    <date>1993-05</date>
    <whois>whois.arin.net</whois>
    <status>LEGACY</status>
  </record>
  <record>
    <prefix>147/8</prefix>
    <designation>Administered by ARIN</designation>
    <date>1993-05</date>
    <whois>whois.arin.net</whois>
    <status>LEGACY</status>
  </record>
  <record>
    <prefix>148/8</prefix>
    <designation>Administered by ARIN</designation>
    <date>1993-05</date>
    <whois>whois.arin.net</whois>
    <status>LEGACY</status>
  </record>
  <record>
    <prefix>149/8</prefix>
    <designation>Administered by ARIN</designation>
    <date>1993-05</date>
    <whois>whois.arin.net</whois>
    <status>LEGACY</status>
  </record>
  <record>
    <prefix>150/8</prefix>
    <designation>Administered by APNIC</designation>
    <date>1993-05</date>
    <whois>whois.apnic.net</whois>
    <status>LEGACY</status>
  </record>
  <record>
    <prefix>151/8</prefix>
    <designation>Administered by RIPE NCC</designation>
    <date>1993-05</date>
    <whois>whois.ripe.net</whois>
    <status>LEGACY</status>
  </record>
  <record>
    <prefix>152/8</prefix>
    <designation>Administered by ARIN</designation>
    <date>1993-05</date>
    <whois>whois.arin.net</whois>
    <status>LEGACY</status>
  </record>
  <record>
    <prefix>153/8</prefix>
    <designation>Administered by APNIC</designation>
    <date>1993-05</date>
    <whois>whois.apnic.net</whois>
    <status>LEGACY</status>
  </record>
  <record>
    <prefix>154/8</prefix>
    <designation>Administered by AFRINIC</designation>
    <date>1993-05</date>
    <whois>whois.afrinic.net</whois>
    <status>LEGACY</status>
  </record>
  <record>
    <prefix>155/8</prefix>
    <designation>Administered by ARIN</designation>
    <date>1993-05</date>
    <whois>whois.arin.net</whois>
    <status>LEGACY</status>
  </record>
  <record>
    <prefix>156/8</prefix>
    <designation>Administered by ARIN</designation>
    <date>1993-05</date>
    <whois>whois.arin.net</whois>
    <status>LEGACY</status>
  </record>
  <record>
    <prefix>157/8</prefix>
    <designation>Administered by ARIN</designation>
    <date>1993-05</date>
    <whois>whois.arin.net</whois>
    <status>LEGACY</status>
  </record>
  <record>
    <prefix>158/8</prefix>
    <designation>Administered by ARIN</designation>
    <date>1993-05</date>
    <whois>whois.arin.net</whois>
    <status>LEGACY</status>
  </record>
  <record>
    <prefix>159/8</prefix>
    <designation>Administered by ARIN</designation>
    <date>1993-05</date>
    <whois>whois.arin.net</whois>
    <status>LEGACY</status>
  </record>
  <record>
    <prefix>160/8</prefix>
    <designation>Administered by ARIN</designation>
    <date>1993-05</date>
    <whois>whois.arin.net</whois>
    <status>LEGACY</status>
  </record>
  <record>
    <prefix>161/8</prefix>
    <designation>Administered by ARIN</designation>
    <date>1993-05</date>
    <whois>whois.arin.net</whois>
    <status>LEGACY</status>
  </record>
  <record>
    <prefix>162/8</prefix>
    <designation>Administered by ARIN</designation>
    <date>1993-05</date>
    <whois>whois.arin.net</whois>
    <status>LEGACY</status>
  </record>
  <record>
    <prefix>163/8</prefix>
    <designation>Administered by APNIC</designation>
    <date>1993-05</date>
    <whois>whois.apnic.net</whois>
    <status>LEGACY</status>
  </record>
  <record>
    <prefix>164/8</prefix>
    <designation>Administered by ARIN</designation>
    <date>1993-05</date>
    <whois>whois.arin.net</whois>
    <status>LEGACY</status>
  </record>
  <record>
    <prefix>165/8</prefix>
    <designation>Administered by ARIN</designation>
    <date>1993-05</date>
    <whois>whois.arin.net</whois>
    <status>LEGACY</status>
  </record>
  <record>
    <prefix>166/8</prefix>
    <designation>Administered by ARIN</designation>
    <date>1993-05</date>
    <whois>whois.arin.net</whois>
    <status>LEGACY</status>
  </record>
  <record>
    <prefix>167/8</prefix>
    <designation>Administered by ARIN</designation>
    <date>1993-05</date>
    <whois>whois.arin.net</whois>
    <status>LEGACY</status>
  </record>
  <record>
    <prefix>168/8</prefix>
    <designation>Administered by ARIN</designation>
    <date>1993-05</date>
    <whois>whois.arin.net</whois>
    <status>LEGACY</status>
  </record>
  <record>
    <prefix>169/8</prefix>
    <designation>Administered by ARIN</designation>
    <date>1993-05</date>
    <whois>whois.arin.net</whois>
    <status>LEGACY</status>
    <xref type="note" data="7"/>
  </record>
  <record>
    <prefix>170/8</prefix>
    <designation>Administered by ARIN</designation>
    <date>1993-05</date>
    <whois>whois.arin.net</whois>
    <status>LEGACY</status>
  </record>
  <record>
    <prefix>171/8</prefix>
    <designation>Administered by APNIC</designation>
    <date>1993-05</date>
    <whois>whois.apnic.net</whois>
    <status>LEGACY</status>
  </record>
  <record>
    <prefix>172/8</prefix>
    <designation>Administered by ARIN</designation>
    <date>1993-05</date>
    <whois>whois.arin.net</whois>
    <status>LEGACY</status>
    <xref type="note" data="8"/>
  </record>
  <record>
    <prefix>173/8</prefix>
    <designation>ARIN</designation>
    <date>2008-02</date>
    <whois>whois.arin.net</whois>
    <status>ALLOCATED</status>
  </record>
  <record>
    <prefix>174/8</prefix>
    <designation>ARIN</designation>
    <date>2008-02</date>
    <whois>whois.arin.net</whois>
    <status>ALLOCATED</status>
  </record>
  <record>
    <prefix>175/8</prefix>
    <designation>APNIC</designation>
    <date>2009-08</date>
    <whois>whois.apnic.net</whois>
    <status>ALLOCATED</status>
  </record>
  <record>
    <prefix>176/8</prefix>
    <designation>RIPE NCC</designation>
    <date>2010-05</date>
    <whois>whois.ripe.net</whois>
    <status>ALLOCATED</status>
  </record>
  <record>
    <prefix>177/8</prefix>
    <designation>LACNIC</designation>
    <date>2010-06</date>
    <whois>whois.lacnic.net</whois>
    <status>ALLOCATED</status>
  </record>
  <record>
    <prefix>178/8</prefix>
    <designation>RIPE NCC</designation>
    <date>2009-01</date>
    <whois>whois.ripe.net</whois>
    <status>ALLOCATED</status>
  </record>
  <record>
    <prefix>179/8</prefix>
    <designation>LACNIC</designation>
    <date>2011-02</date>
    <whois>whois.lacnic.net</whois>
    <status>ALLOCATED</status>
  </record>
  <record>
    <prefix>180/8</prefix>
    <designation>APNIC</designation>
    <date>2009-04</date>
    <whois>whois.apnic.net</whois>
    <status>ALLOCATED</status>
  </record>
  <record>
    <prefix>181/8</prefix>
    <designation>LACNIC</designation>
    <date>2010-06</date>
    <whois>whois.lacnic.net</whois>
    <status>ALLOCATED</status>
  </record>
  <record>
    <prefix>182/8</prefix>
    <designation>APNIC</designation>
    <date>2009-08</date>
    <whois>whois.apnic.net</whois>
    <status>ALLOCATED</status>
  </record>
  <record>
    <prefix>183/8</prefix>
    <designation>APNIC</designation>
    <date>2009-04</date>
    <whois>whois.apnic.net</whois>
    <status>ALLOCATED</status>
  </record>
  <record>
    <prefix>184/8</prefix>
    <designation>ARIN</designation>
    <date>2008-12</date>
    <whois>whois.arin.net</whois>
    <status>ALLOCATED</status>
  </record>
  <record>
    <prefix>185/8</prefix>
    <designation>RIPE NCC</designation>
    <date>2011-02</date>
    <whois>whois.ripe.net</whois>
    <status>ALLOCATED</status>
  </record>
  <record>
    <prefix>186/8</prefix>
    <designation>LACNIC</designation>
    <date>2007-09</date>
    <whois>whois.lacnic.net</whois>
    <status>ALLOCATED</status>
  </record>
  <record>
    <prefix>187/8</prefix>
    <designation>LACNIC</designation>
    <date>2007-09</date>
    <whois>whois.lacnic.net</whois>
    <status>ALLOCATED</status>
  </record>
  <record>
    <prefix>188/8</prefix>
    <designation>Administered by RIPE NCC</designation>
    <date>1993-05</date>
    <whois>whois.ripe.net</whois>
    <status>LEGACY</status>
  </record>
  <record>
    <prefix>189/8</prefix>
    <designation>LACNIC</designation>
    <date>1995-06</date>
    <whois>whois.lacnic.net</whois>
    <status>ALLOCATED</status>
  </record>
  <record>
    <prefix>190/8</prefix>
    <designation>LACNIC</designation>
    <date>1995-06</date>
    <whois>whois.lacnic.net</whois>
    <status>ALLOCATED</status>
  </record>
  <record>
    <prefix>191/8</prefix>
    <designation>Administered by LACNIC</designation>
    <date>1993-05</date>
    <whois>whois.lacnic.net</whois>
    <status>LEGACY</status>
  </record>
  <record>
    <prefix>192/8</prefix>
    <designation>Administered by ARIN</designation>
    <date>1993-05</date>
    <whois>whois.arin.net</whois>
    <status>LEGACY</status>
    <xref type="note" data="9"/>
    <xref type="note" data="10"/>
  </record>
  <record>
    <prefix>193/8</prefix>
    <designation>RIPE NCC</designation>
    <date>1993-05</date>
    <whois>whois.ripe.net</whois>
    <status>ALLOCATED</status>
  </record>
  <record>
    <prefix>194/8</prefix>
    <designation>RIPE NCC</designation>
    <date>1993-05</date>
    <whois>whois.ripe.net</whois>
    <status>ALLOCATED</status>
  </record>
  <record>
    <prefix>195/8</prefix>
    <designation>RIPE NCC</designation>
    <date>1993-05</date>
    <whois>whois.ripe.net</whois>
    <status>ALLOCATED</status>
  </record>
  <record>
    <prefix>196/8</prefix>
    <designation>Administered by AFRINIC</designation>
    <date>1993-05</date>
    <whois>whois.afrinic.net</whois>
    <status>LEGACY</status>
  </record>
  <record>
    <prefix>197/8</prefix>
    <designation>AFRINIC</designation>
    <date>2008-10</date>
    <whois>whois.afrinic.net</whois>
    <status>ALLOCATED</status>
  </record>
  <record>
    <prefix>198/8</prefix>
    <designation>Administered by ARIN</designation>
    <date>1993-05</date>
    <whois>whois.arin.net</whois>
    <status>LEGACY</status>
    <xref type="note" data="11"/>
  </record>
  <record>
    <prefix>199/8</prefix>
    <designation>ARIN</designation>
    <date>1993-05</date>
    <whois>whois.arin.net</whois>
    <status>ALLOCATED</status>
  </record>
  <record>
    <prefix>200/8</prefix>
    <designation>LACNIC</designation>
    <date>2002-11</date>
    <whois>whois.lacnic.net</whois>
    <status>ALLOCATED</status>
  </record>
  <record>
    <prefix>201/8</prefix>
    <designation>LACNIC</designation>
    <date>2003-04</date>
    <whois>whois.lacnic.net</whois>
    <status>ALLOCATED</status>
  </record>
  <record>
    <prefix>202/8</prefix>
    <designation>APNIC</designation>
    <date>1993-05</date>
    <whois>whois.apnic.net</whois>
    <status>ALLOCATED</status>
  </record>
  <record>
    <prefix>203/8</prefix>
    <designation>APNIC</designation>
    <date>1993-05</date>
    <whois>whois.apnic.net</whois>
    <status>ALLOCATED</status>
    <xref type="note" data="12"/>
  </record>
  <record>
    <prefix>204/8</prefix>
    <designation>ARIN</designation>
    <date>1994-03</date>
    <whois>whois.arin.net</whois>
    <status>ALLOCATED</status>
  </record>
  <record>
    <prefix>205/8</prefix>
    <designation>ARIN</designation>
    <date>1994-03</date>
    <whois>whois.arin.net</whois>
    <status>ALLOCATED</status>
  </record>
  <record>
    <prefix>206/8</prefix>
    <designation>ARIN</designation>
    <date>1995-04</date>
    <whois>whois.arin.net</whois>
    <status>ALLOCATED</status>
  </record>
  <record>
    <prefix>207/8</prefix>
    <designation>ARIN</designation>
    <date>1995-11</date>
    <whois>whois.arin.net</whois>
    <status>ALLOCATED</status>
  </record>
  <record>
    <prefix>208/8</prefix>
    <designation>ARIN</designation>
    <date>1996-04</date>
    <whois>whois.arin.net</whois>
    <status>ALLOCATED</status>
  </record>
  <record>
    <prefix>209/8</prefix>
    <designation>ARIN</designation>
    <date>1996-06</date>
    <whois>whois.arin.net</whois>
    <status>ALLOCATED</status>
  </record>
  <record>
    <prefix>210/8</prefix>
    <designation>APNIC</designation>
    <date>1996-06</date>
    <whois>whois.apnic.net</whois>
    <status>ALLOCATED</status>
  </record>
  <record>
    <prefix>211/8</prefix>
    <designation>APNIC</designation>
    <date>1996-06</date>
    <whois>whois.apnic.net</whois>
    <status>ALLOCATED</status>
  </record>
  <record>
    <prefix>212/8</prefix>
    <designation>RIPE NCC</designation>
    <date>1997-10</date>
    <whois>whois.ripe.net</whois>
    <status>ALLOCATED</status>
  </record>
  <record>
    <prefix>213/8</prefix>
    <designation>RIPE NCC</designation>
    <date>1993-10</date>
    <whois>whois.ripe.net</whois>
    <status>ALLOCATED</status>
  </record>
  <record>
    <prefix>214/8</prefix>
    <designation>US-DOD</designation>
    <date>1998-03</date>
    <whois>whois.arin.net</whois>
    <status>LEGACY</status>
  </record>
  <record>
    <prefix>215/8</prefix>
    <designation>US-DOD</designation>
    <date>1998-03</date>
    <whois>whois.arin.net</whois>
    <status>LEGACY</status>
  </record>
  <record>
    <prefix>216/8</prefix>
    <designation>ARIN</designation>
    <date>1998-04</date>
    <whois>whois.arin.net</whois>
    <status>ALLOCATED</status>
  </record>
  <record>
    <prefix>217/8</prefix>
    <designation>RIPE NCC</designation>
    <date>2000-06</date>
    <whois>whois.ripe.net</whois>
    <status>ALLOCATED</status>
  </record>
  <record>
    <prefix>218/8</prefix>
    <designation>APNIC</designation>
    <date>2000-12</date>
    <whois>whois.apnic.net</whois>
    <status>ALLOCATED</status>
  </record>
  <record>
    <prefix>219/8</prefix>
    <designation>APNIC</designation>
    <date>2001-09</date>
    <whois>whois.apnic.net</whois>
    <status>ALLOCATED</status>
  </record>
  <record>
    <prefix>220/8</prefix>
    <designation>APNIC</designation>
    <date>2001-12</date>
    <whois>whois.apnic.net</whois>
    <status>ALLOCATED</status>
  </record>
  <record>
    <prefix>221/8</prefix>
    <designation>APNIC</designation>
    <date>2002-07</date>
    <whois>whois.apnic.net</whois>
    <status>ALLOCATED</status>
  </record>
  <record>
    <prefix>222/8</prefix>
    <designation>APNIC</designation>
    <date>2003-02</date>
    <whois>whois.apnic.net</whois>
    <status>ALLOCATED</status>
  </record>
  <record>
    <prefix>223/8</prefix>
    <designation>APNIC</designation>
    <date>2010-04</date>
    <whois>whois.apnic.net</whois>
    <status>ALLOCATED</status>
  </record>
  <record>
    <prefix>224/8</prefix>
    <designation>Multicast</designation>
    <date>1981-09</date>
    <status>RESERVED</status>
    <xref type="note" data="13"/>
  </record>
  <record>
    <prefix>225/8</prefix>
    <designation>Multicast</designation>
    <date>1981-09</date>
    <status>RESERVED</status>
    <xref type="note" data="13"/>
  </record>
  <record>
    <prefix>226/8</prefix>
    <designation>Multicast</designation>
    <date>1981-09</date>
    <status>RESERVED</status>
    <xref type="note" data="13"/>
  </record>
  <record>
    <prefix>227/8</prefix>
    <designation>Multicast</designation>
    <date>1981-09</date>
    <status>RESERVED</status>
    <xref type="note" data="13"/>
  </record>
  <record>
    <prefix>228/8</prefix>
    <designation>Multicast</designation>
    <date>1981-09</date>
    <status>RESERVED</status>
    <xref type="note" data="13"/>
  </record>
  <record>
    <prefix>229/8</prefix>
    <designation>Multicast</designation>
    <date>1981-09</date>
    <status>RESERVED</status>
    <xref type="note" data="13"/>
  </record>
  <record>
    <prefix>230/8</prefix>
    <designation>Multicast</designation>
    <date>1981-09</date>
    <status>RESERVED</status>
    <xref type="note" data="13"/>
  </record>
  <record>
    <prefix>231/8</prefix>
    <designation>Multicast</designation>
    <date>1981-09</date>
    <status>RESERVED</status>
    <xref type="note" data="13"/>
  </record>
  <record>
    <prefix>232/8</prefix>
    <designation>Multicast</designation>
    <date>1981-09</date>
    <status>RESERVED</status>
    <xref type="note" data="13"/>
  </record>
  <record>
    <prefix>233/8</prefix>
    <designation>Multicast</designation>
    <date>1981-09</date>
    <status>RESERVED</status>
    <xref type="note" data="13"/>
  </record>
  <record>
    <prefix>234/8</prefix>
    <designation>Multicast</designation>
    <date>1981-09</date>
    <status>RESERVED</status>
    <xref type="note" data="13"/>
    <xref type="note" data="14"/>
  </record>
  <record>
    <prefix>235/8</prefix>
    <designation>Multicast</designation>
    <date>1981-09</date>
    <status>RESERVED</status>
    <xref type="note" data="13"/>
  </record>
  <record>
    <prefix>236/8</prefix>
    <designation>Multicast</designation>
    <date>1981-09</date>
    <status>RESERVED</status>
    <xref type="note" data="13"/>
  </record>
  <record>
    <prefix>237/8</prefix>
    <designation>Multicast</designation>
    <date>1981-09</date>
    <status>RESERVED</status>
    <xref type="note" data="13"/>
  </record>
  <record>
    <prefix>238/8</prefix>
    <designation>Multicast</designation>
    <date>1981-09</date>
    <status>RESERVED</status>
    <xref type="note" data="13"/>
  </record>
  <record>
    <prefix>239/8</prefix>
    <designation>Multicast</designation>
    <date>1981-09</date>
    <status>RESERVED</status>
    <xref type="note" data="13"/>
    <xref type="note" data="15"/>
  </record>
  <record>
    <prefix>240/8</prefix>
    <designation>Future use</designation>
    <date>1981-09</date>
    <status>RESERVED</status>
    <xref type="note" data="16"/>
  </record>
  <record>
    <prefix>241/8</prefix>
    <designation>Future use</designation>
    <date>1981-09</date>
    <status>RESERVED</status>
    <xref type="note" data="16"/>
  </record>
  <record>
    <prefix>242/8</prefix>
    <designation>Future use</designation>
    <date>1981-09</date>
    <status>RESERVED</status>
    <xref type="note" data="16"/>
  </record>
  <record>
    <prefix>243/8</prefix>
    <designation>Future use</designation>
    <date>1981-09</date>
    <status>RESERVED</status>
    <xref type="note" data="16"/>
  </record>
  <record>
    <prefix>244/8</prefix>
    <designation>Future use</designation>
    <date>1981-09</date>
    <status>RESERVED</status>
    <xref type="note" data="16"/>
  </record>
  <record>
    <prefix>245/8</prefix>
    <designation>Future use</designation>
    <date>1981-09</date>
    <status>RESERVED</status>
    <xref type="note" data="16"/>
  </record>
  <record>
    <prefix>246/8</prefix>
    <designation>Future use</designation>
    <date>1981-09</date>
    <status>RESERVED</status>
    <xref type="note" data="16"/>
  </record>
  <record>
    <prefix>247/8</prefix>
    <designation>Future use</designation>
    <date>1981-09</date>
    <status>RESERVED</status>
    <xref type="note" data="16"/>
  </record>
  <record>
    <prefix>248/8</prefix>
    <designation>Future use</designation>
    <date>1981-09</date>
    <status>RESERVED</status>
    <xref type="note" data="16"/>
  </record>
  <record>
    <prefix>249/8</prefix>
    <designation>Future use</designation>
    <date>1981-09</date>
    <status>RESERVED</status>
    <xref type="note" data="16"/>
  </record>
  <record>
    <prefix>250/8</prefix>
    <designation>Future use</designation>
    <date>1981-09</date>
    <status>RESERVED</status>
    <xref type="note" data="16"/>
  </record>
  <record>
    <prefix>251/8</prefix>
    <designation>Future use</designation>
    <date>1981-09</date>
    <status>RESERVED</status>
    <xref type="note" data="16"/>
  </record>
  <record>
    <prefix>252/8</prefix>
    <designation>Future use</designation>
    <date>1981-09</date>
    <status>RESERVED</status>
    <xref type="note" data="16"/>
  </record>
  <record>
    <prefix>253/8</prefix>
    <designation>Future use</designation>
    <date>1981-09</date>
    <status>RESERVED</status>
    <xref type="note" data="16"/>
  </record>
  <record>
    <prefix>254/8</prefix>
    <designation>Future use</designation>
    <date>1981-09</date>
    <status>RESERVED</status>
    <xref type="note" data="16"/>
  </record>
  <record>
    <prefix>255/8</prefix>
    <designation>Future use</designation>
    <date>1981-09</date>
    <status>RESERVED</status>
    <xref type="note" data="16"/>
    <xref type="note" data="17"/>
  </record>
  <footnote anchor="1">Indicates the status of address blocks as follows:
RESERVED: designated by the IETF for specific non-global-unicast purposes as noted.
LEGACY: allocated by the central Internet Registry (IR) prior to the Regional Internet Registries
(RIRs). This address space is now administered by individual RIRs as noted, including maintenance
of WHOIS Directory and reverse DNS records. Assignments from these blocks are distributed globally
on a regional basis.
ALLOCATED: delegated entirely to specific RIR as indicated.
UNALLOCATED: not yet allocated or reserved.</footnote>
  <footnote anchor="2">0.0.0.0/8 reserved for self-identification <xref type="rfc" data="rfc1122"/>, section 3.2.1.3. 
Reserved by protocol. For authoritative registration, see <xref type="registry" data="iana-ipv4-special-registry"/>.</footnote>
  <footnote anchor="3">Reserved for Private-Use Networks <xref type="rfc" data="rfc1918"/>.
Complete registration details for 10.0.0.0/8 are found in <xref type="registry" data="iana-ipv4-special-registry"/>.</footnote>
  <footnote anchor="4">This was reserved for Public Data Networks <xref type="rfc" data="rfc1356"/>. See <xref type="registry" data="public-data-network-numbers"/>.
It was recovered in February 2008 and was subsequently allocated to APNIC in April 2010.</footnote>
  <footnote anchor="5">100.64.0.0/10 reserved for Shared Address Space <xref type="rfc" data="rfc6598"/>. 
Complete registration details for 100.64.0.0/10 are found in <xref type="registry" data="iana-ipv4-special-registry"/>.</footnote>
  <footnote anchor="6">127.0.0.0/8 reserved for Loopback <xref type="rfc" data="rfc1122"/>, section 3.2.1.3. 
Reserved by protocol. For authoritative registration, see <xref type="registry" data="iana-ipv4-special-registry"/>.</footnote>
  <footnote anchor="7">169.254.0.0/16 reserved for Link Local <xref type="rfc" data="rfc3927"/>.
Reserved by protocol. For authoritative registration, see <xref type="registry" data="iana-ipv4-special-registry"/>.</footnote>
  <footnote anchor="8">172.16.0.0/12 reserved for Private-Use Networks <xref type="rfc" data="rfc1918"/>. 
Complete registration details are found in <xref type="registry" data="iana-ipv4-special-registry"/>.</footnote>
  <footnote anchor="9">192.0.2.0/24  reserved for TEST-NET-1 <xref type="rfc" data="rfc5737"/>. 
Complete registration details for 192.0.2.0/24 are found in <xref type="registry" data="iana-ipv4-special-registry"/>.
192.88.99.0/24 reserved for 6to4 Relay Anycast <xref type="rfc" data="rfc3068"/>
Complete registration details for 192.88.99.0/24 are found in <xref type="registry" data="iana-ipv4-special-registry"/>.
192.88.99.2/32 reserved for 6a44 Relay Anycast <xref type="rfc" data="rfc6751"/> (possibly collocated with 6to4 Relay 
at 192.88.99.1/32 - see <xref type="rfc" data="rfc3068"/> section 2.4)
192.168.0.0/16 reserved for Private-Use Networks <xref type="rfc" data="rfc1918"/>. 
Complete registration details for 192.168.0.0/16 are found in <xref type="registry" data="iana-ipv4-special-registry"/>.</footnote>
  <footnote anchor="10">192.0.0.0/24 reserved for IANA IPv4 Special Purpose Address Registry <xref type="rfc" data="rfc5736"/>. 
Complete registration details for 192.0.0.0/24 are found in <xref type="registry" data="iana-ipv4-special-registry"/>.</footnote>
  <footnote anchor="11">198.18.0.0/15 reserved for Network Interconnect Device Benchmark Testing <xref type="rfc" data="rfc2544"/>. 
Complete registration details for 198.18.0.0/15 are found in <xref type="registry" data="iana-ipv4-special-registry"/>.
198.51.100.0/24 reserved for TEST-NET-2 <xref type="rfc" data="rfc5737"/>. 
Complete registration details for 198.51.100.0/24 are found in <xref type="registry" data="iana-ipv4-special-registry"/>.</footnote>
  <footnote anchor="12">203.0.113.0/24 reserved for TEST-NET-3 <xref type="rfc" data="rfc5737"/>. 
Complete registration details for 203.0.113.0/24 are found in <xref type="registry" data="iana-ipv4-special-registry"/>.</footnote>
  <footnote anchor="13">Multicast (formerly "Class D") <xref type="rfc" data="rfc5771"/> registered in <xref type="registry" data="multicast-addresses"/></footnote>
  <footnote anchor="14">Unicast-Prefix-Based IPv4 Multicast Addresses <xref type="rfc" data="rfc6034"/></footnote>
  <footnote anchor="15">Administratively Scoped IP Multicast <xref type="rfc" data="rfc2365"/></footnote>
  <footnote anchor="16">Reserved for future use (formerly "Class E") <xref type="rfc" data="rfc1112"/>.
Reserved by protocol. For authoritative registration, see <xref type="registry" data="iana-ipv4-special-registry"/>.</footnote>
  <footnote anchor="17">255.255.255.255 is reserved for "limited broadcast" destination address <xref type="rfc" data="rfc919"/> and <xref type="rfc" data="rfc922"/>.
Complete registration details for 255.255.255.255/32 are found in <xref type="registry" data="iana-ipv4-special-registry"/>.</footnote>
  <people/>
</registry>
